asin,title,category_path,country
B08B477BHS,,Wireless Headphones,US
B0DM9NJJ8L,,Wireless Headphones,US
B0DLKB5V35,,Wireless Headphones,US
B0CD1FHLMH,,Wireless Headphones,US
B0DWX8YBKK,,Wireless Headphones,US
B083P1HG9S,,Wireless Headphones,US
B07Z8J429C,,Wireless Headphones,US
B0BH4KKZB4,,Wireless Headphones,US
B0CRRRFZN5,,Wireless Headphones,US
B01LDVQIF0,,Wireless Headphones,US
B0BVRJXH27,,Wireless Headphones,US
B0CGMV5TMR,,Wireless Headphones,US
B00QHOCTG6,,Wireless Headphones,US
B0B75MQJQR,,Wireless Headphones,US
B0DJW5G283,,Wireless Headphones,US
B0C3HCD34R,,Wireless Headphones,US
B08HMWZBXC,,Wireless Headphones,US
B0BS1QCFHX,,Wireless Headphones,US
B0CQKMWNHQ,,Wireless Headphones,US
B0CT9SBWC9,,Wireless Headphones,US
B0DP8WJ5BN,,Wireless Headphones,US
B09S8XP2J2,,Wireless Headphones,US
B0C6KFZC9Z,,Wireless Headphones,US
B0CTB1BM3P,,Wireless Headphones,US
B0DMP36MVC,,Wireless Headphones,US
B0BH4HYM6C,,Wireless Headphones,US
B0CMFXR4W5,,Wireless Headphones,US
B0D4Z9C562,,Wireless Headphones,US
B085899TQ9,,Wireless Headphones,US
B0BJSFSNKT,,Wireless Headphones,US
B0CVX9PSL9,,Wireless Headphones,US
B07Z8HNKKT,,Wireless Headphones,US
B0DPK22VCQ,,Wireless Headphones,US
B0D2D75VNY,,Wireless Headphones,US
B0C8PSMPTH,,Wireless Headphones,US
B0D5Y2SG6P,,Wireless Headphones,US
B00NG57H4S,,Wireless Headphones,US
B0CRTYZG5C,,Wireless Headphones,US
B0CT6C579K,,Wireless Headphones,US
B0B5VHRX7F,,Wireless Headphones,US
B09NBVS84T,,Wireless Headphones,US
B0FJ8RXV1K,,Wireless Headphones,US
B0FHWF8GC5,,Wireless Headphones,US
B0DHX142GP,,Wireless Headphones,US
B0CZPGX972,,Wireless Headphones,US
B0CBLKS51N,,Wireless Headphones,US
B0BTJ9WHL9,,Wireless Headphones,US
B0CBLLJTTN,,Wireless Headphones,US
B0F21S7DT5,,Wireless Headphones,US
B087JWTWF9,,Wireless Headphones,US
B0863TXGM3,,Wireless Headphones,US
B08TMTFR6B,,Wireless Headphones,US
B0FB2VCQG1,,Wireless Headphones,US
B0DZHC7YSY,,Wireless Headphones,US
B0DPK2LN3G,,Wireless Headphones,US
B094NC89P9,,Wireless Headphones,US
B0CVX9YTDL,,Wireless Headphones,US
B07K2676W7,,Wireless Headphones,US
B09XS7JWHH,,Wireless Headphones,US
B0DFYFW1HW,,Wireless Headphones,US
B0DCN52TQH,,Wireless Headphones,US
B0B7WKH98S,,Wireless Headphones,US
B0D4ZC4XMT,,Wireless Headphones,US
