asin,region,category_path
B09DSXQZ37,US,Headphones > Earbuds
B0BM4HGSFJ,US,Headphones > Earbuds
B00JG2WRUO,US,Headphones > Earbuds
B09WZ8WX8Q,US,Headphones > Earbuds
B074CK2RR6,US,Headphones > Earbuds
B00IJXCNMI,US,Headphones > Earbuds
B078J7G3QV,US,Headphones > Earbuds
B0DZNH58ZK,US,Headphones > Earbuds
B0DZNLMNR2,US,Headphones > Earbuds
B075F5X8BR,US,Headphones > Earbuds
B0DZHQHDWR,US,Headphones > Earbuds
B07DGPDJ62,US,Headphones > Earbuds
B0BTYCJXBK,US,Headphones > Earbuds
B0C7SNHH5J,US,Headphones > Earbuds
B0BTYCRJSS,US,Headphones > Earbuds
B0FFGPZXTN,US,Headphones > Earbuds
B073R2RSB2,US,Headphones > Earbuds
B0BH7LRH32,US,Headphones > Earbuds
B07QKZ25FK,US,Headphones > Earbuds
B0D1XD1ZV3,US,Headphones > Earbuds
B07984JN3L,US,Headphones > Earbuds
B0C1QQYP53,US,Headphones > Earbuds
B09WZ41LR1,US,Headphones > Earbuds
B0BTYDLTM3,US,Headphones > Earbuds
B07XXX7Q4H,US,Headphones > Earbuds
B09SBQ3YL6,US,Headphones > Earbuds
B078J67KC7,US,Headphones > Earbuds
B0DZNN5S4Z,US,Headphones > Earbuds
B0C1QNRGHC,US,Headphones > Earbuds
B0DZNSSJT4,US,Headphones > Earbuds
B0DLJZN4VS,US,Headphones > Earbuds
B07QKYTGH9,US,Headphones > Earbuds
B088NFS4T1,US,Headphones > Earbuds
B0BH7T1JLK,US,Headphones > Earbuds
B07VHHBV5Q,US,Headphones > Earbuds
B096SV8SJG,US,Headphones > Earbuds
B0D8BT4BRN,US,Headphones > Earbuds
B0DZNJHXNP,US,Headphones > Earbuds
B0D8BWD76H,US,Headphones > Earbuds
B0B5VX2PYG,US,Headphones > Earbuds
B0DYJVN2P5,US,Headphones > Earbuds
B078J3WTYC,US,Headphones > Earbuds
B0D5HSP346,US,Headphones > Earbuds
B00IJXBX74,US,Headphones > Earbuds
B0D8BZDPXB,US,Headphones > Earbuds
B0D5HN8B1F,US,Headphones > Earbuds
B07QKYZ89H,US,Headphones > Earbuds
B074CFGG8G,US,Headphones > Earbuds
B075F6TB7F,US,Headphones > Earbuds
B09DK2N5G3,US,Headphones > Earbuds
B09LD44NW6,US,Headphones > Earbuds
B0CHTVMXZJ,US,Headphones > Earbuds
B0D73JFYGR,US,Headphones > Earbuds
B0C1QDR7HP,US,Headphones > Earbuds
B09MQGTP7Y,US,Headphones > Earbuds
B07HH1QSLB,US,Headphones > Earbuds
B07DGPSWY3,US,Headphones > Earbuds
B0DSBN1Q63,US,Headphones > Earbuds
B0C2W1KLSS,US,Headphones > Earbuds
B07SKLLYTW,US,Headphones > Earbuds
B07J4WHNFC,US,Headphones > Earbuds
B09FT58QQP,US,Headphones > Earbuds
B09ZYCFDBL,US,Headphones > Earbuds
B0F628ZVT9,US,Headphones > Earbuds
B0DVZ2DR68,US,Headphones > Earbuds
B07JVHCJ9Y,US,Headphones > Earbuds
B0170RBJ9Q,US,Headphones > Earbuds
B0BQPNJT25,US,Headphones > Earbuds
B08QBJFNSV,US,Headphones > Earbuds
B0F595LL2S,US,Headphones > Earbuds
B0C3PRBJGJ,US,Headphones > Earbuds
B0DVYZ5F94,US,Headphones > Earbuds
B0CLX39BPL,US,Headphones > Earbuds
B0DT2344N3,US,Headphones > Earbuds
B08QBCXZXP,US,Headphones > Earbuds
B09ZYDRRK2,US,Headphones > Earbuds
B0CF7GYNW2,US,Headphones > Earbuds
B0D4DZQJ3P,US,Headphones > Earbuds
B0DP9CYH5V,US,Headphones > Earbuds
B0CLWPP249,US,Headphones > Earbuds
B0DR8B9P56,US,Headphones > Earbuds
B0CMSYTP6Q,US,Headphones > Earbuds
B0D4DXPPN8,US,Headphones > Earbuds
B08L6ZPV7T,US,Headphones > Earbuds
B0C1F3PW8V,US,Headphones > Earbuds
B0DP98QY3D,US,Headphones > Earbuds
B0BQPZ7DMV,US,Headphones > Earbuds
B0DVYR59XP,US,Headphones > Earbuds
B07J4GPPXF,US,Headphones > Earbuds
B08L6ZYW21,US,Headphones > Earbuds
B004RE3YNA,US,Headphones > Earbuds
B00E4LGVUO,US,Headphones > Earbuds
B003EM6AOG,US,Headphones > Earbuds
B0CF74G2RL,US,Headphones > Earbuds
B0D3JBRJ27,US,Headphones > Earbuds
B08MC6PLT4,US,Headphones > Earbuds
B0DSBPX9MV,US,Headphones > Earbuds
B0DGJ7HYG1,US,Headphones > Earbuds
B004VHF210,US,Headphones > Earbuds
B00KQHWT8S,US,Headphones > Earbuds
B000AJIF4E,US,Headphones > Over-Ear
B08Q89DN6V,US,Headphones > Over-Ear
B0D3VJDZ49,US,Headphones > Over-Ear
B083P1HG9S,US,Headphones > Over-Ear
B08BTFXHHN,US,Headphones > Over-Ear
B00NJ2M33I,US,Headphones > Over-Ear
B0CCZ26B5V,US,Headphones > Over-Ear
B0D4Z9BZV2,US,Headphones > Over-Ear
B0CBLLJTTN,US,Headphones > Over-Ear
B0CTB1BM3P,US,Headphones > Over-Ear
B07X3ZBYRF,US,Headphones > Over-Ear
B0DYJ2CMKL,US,Headphones > Over-Ear
B0C3KWT5V6,US,Headphones > Over-Ear
B0D3Z692DG,US,Headphones > Over-Ear
B08HMWZBXC,US,Headphones > Over-Ear
B07G748HKJ,US,Headphones > Over-Ear
B095BYMP6W,US,Headphones > Over-Ear
B095C2JBY4,US,Headphones > Over-Ear
B082PNKSQM,US,Headphones > Over-Ear
B0D1QR8NL8,US,Headphones > Over-Ear
B083P1TSK7,US,Headphones > Over-Ear
B0CX4QX7RY,US,Headphones > Over-Ear
B0CT9XTKKM,US,Headphones > Over-Ear
B0DMRMV8TS,US,Headphones > Over-Ear
B0CQXMXJC5,US,Headphones > Over-Ear
B0D3RRTB25,US,Headphones > Over-Ear
B09926D37Y,US,Headphones > Over-Ear
B08LVF5KVY,US,Headphones > Over-Ear
B0F4884LN3,US,Headphones > Over-Ear
B0B5ML4KRB,US,Headphones > Over-Ear
B0DKW75VC5,US,Headphones > Over-Ear
B0CTB8GKM2,US,Headphones > Over-Ear
B0BZ3ZLMNL,US,Headphones > Over-Ear
B0F3XC23SB,US,Headphones > Over-Ear
B00NJ2M43M,US,Headphones > Over-Ear
B088Z22VYF,US,Headphones > Over-Ear
B08JCD23MJ,US,Headphones > Over-Ear
B07RW4V3MC,US,Headphones > Over-Ear
B0DD46ST9M,US,Headphones > Over-Ear
B0CN9GXC2R,US,Headphones > Over-Ear
B08Q8C3LHT,US,Headphones > Over-Ear
B0819LK85F,US,Headphones > Over-Ear
B088BRFQBZ,US,Headphones > Over-Ear
B0F9XTVTLP,US,Headphones > Over-Ear
B0DMP36MVC,US,Headphones > Over-Ear
B01N6ZJH96,US,Headphones > Over-Ear
B08FB3LBWC,US,Headphones > Over-Ear
B0CCZ1SQ8G,US,Headphones > Over-Ear
B08BV6R26Z,US,Headphones > Over-Ear
B0D4Z9C562,US,Headphones > Over-Ear
B0C3HCD34R,US,Headphones > Over-Ear
B0D14FBD59,US,Headphones > Over-Ear
B08QMCY3YV,US,Headphones > Over-Ear
B0CVPPHT6P,US,Headphones > Over-Ear
B0C9MYNRWC,US,Headphones > Over-Ear
B0D66FQSTB,US,Headphones > Over-Ear
B07X43JBY8,US,Headphones > Over-Ear
B0D4Z9HG1X,US,Headphones > Over-Ear
B0DMR5TZ45,US,Headphones > Over-Ear
B08LVGFQP6,US,Headphones > Over-Ear
B08LVG3W94,US,Headphones > Over-Ear
B088BQ2DXY,US,Headphones > Over-Ear
B0CHRG3ML1,US,Headphones > Over-Ear
B0F9XVDXBC,US,Headphones > Over-Ear
B08972JFW8,US,Headphones > Over-Ear
B075LT8YLR,US,Headphones > Over-Ear
B0DLKB5V35,US,Headphones > Over-Ear
B0C6KFZC9Z,US,Headphones > Over-Ear
B0BJV2TKZ5,US,Headphones > Over-Ear
B0DY918NGN,US,Headphones > Over-Ear
B08MVGF24M,US,Headphones > Over-Ear
B09JSKLZBW,US,Headphones > Over-Ear
B0BS1PRC4L,US,Headphones > Over-Ear
B0DWF6QCGX,US,Headphones > Over-Ear
B094NBZ8P3,US,Headphones > Over-Ear
B085899TQ9,US,Headphones > Over-Ear
B0BS1RT9S2,US,Headphones > Over-Ear
B0CBLKS51N,US,Headphones > Over-Ear
B0DYJD967H,US,Headphones > Over-Ear
B08WH43KXR,US,Headphones > Over-Ear
B0863FR3S9,US,Headphones > Over-Ear
B0CMZQNDR4,US,Headphones > Over-Ear
B0CT6CQZ1V,US,Headphones > Over-Ear
B0DZH6QRKB,US,Headphones > Over-Ear
B0BS1QB15L,US,Headphones > Over-Ear
B0DPK2JFYP,US,Headphones > Over-Ear
B0CLNJDNJ3,US,Headphones > Over-Ear
B0DPK22VCQ,US,Headphones > Over-Ear
B087JWTWF9,US,Headphones > Over-Ear
B0CMZ3YTHK,US,Headphones > Over-Ear
B0D3746YW8,US,Headphones > Over-Ear
B0C6KKQ7ND,US,Headphones > Over-Ear
B0C3GQXHS4,US,Headphones > Over-Ear
B08TMTFR6B,US,Headphones > Over-Ear
B09G36XPG9,US,Headphones > Over-Ear
B0BS74M665,US,Headphones > Over-Ear
B07KFN5LL4,US,Headphones > Over-Ear
B0DPK2LN3G,US,Headphones > Over-Ear
