asin,title,rating,review_count,country,category_path
B0D4R5WVVR,,,,US,Wireless Headphones
B08J9MVB6W,,,,US,Wireless Headphones
B0DLKB5V35,,,,US,Wireless Headphones
B0CT9SBWC9,,,,US,Wireless Headphones
B085899TQ9,,,,US,Wireless Headphones
B0CQXR6GCF,,,,US,Wireless Headphones
B0C3HCD34R,,,,US,Wireless Headphones
B0BVM1PSYN,,,,US,Wireless Headphones
B0B6131LBN,,,,US,Wireless Headphones
B0DJW5G283,,,,US,Wireless Headphones
B0BS1QCFHX,,,,US,Wireless Headphones
B08HMWZBXC,,,,US,Wireless Headphones
B0BVRJXH27,,,,US,Wireless Headphones
B0CS8H4124,,,,US,Wireless Headphones
B0DP8WJ5BN,,,,US,Wireless Headphones
B0C6KFZC9Z,,,,US,Wireless Headphones
B00NG57H4S,,,,US,Wireless Headphones
B0CRTYZG5C,,,,US,Wireless Headphones
B0D4Z9C562,,,,US,Wireless Headphones
B0CBLKS51N,,,,US,Wireless Headphones
B07RFNZYJZ,,,,US,Wireless Headphones
B0BH4KKZB4,,,,US,Wireless Headphones
B0CVX9YTDL,,,,US,Wireless Headphones
